Brand,Feature,OS,Year_of_Purchase,Problem,Decision,Cost
Apple,SMART,IOS,2021,overheating,REPLACE,-1.0
Vivo,BASIC,ANDROID,2015,screen cracked,REPAIR,345.64
OnePlus,SMART,ANDROID,2024,charging issue,REPAIR,6371.32
Samsung,SMART,ANDROID,2016,speaker not working,REPAIR,1735.13
OnePlus,SMART,ANDROID,2017,screen cracked,REPAIR,1708.91
Oppo,SMART,ANDROID,2015,battery drain,REPAIR,6762.54
Oppo,SMART,ANDROID,2016,charging issue,REPAIR,3831.04
Realme,BASIC,ANDROID,2018,overheating,REPLACE,-1.0
OnePlus,BASIC,ANDROID,2018,software crash,REPAIR,216.09
Oppo,SMART,ANDROID,2021,no power,REPLACE,-1.0
Vivo,SMART,ANDROID,2015,charging issue,REPAIR,4424.7
OnePlus,BASIC,ANDROID,2015,speaker not working,REPAIR,462.27
Oppo,BASIC,ANDROID,2022,battery drain,REPAIR,444.3
Oppo,BASIC,ANDROID,2023,charging issue,REPAIR,258.29
Xiaomi,BASIC,ANDROID,2022,charging issue,REPAIR,339.46
OnePlus,SMART,ANDROID,2022,screen cracked,REPAIR,4247.2
Vivo,SMART,ANDROID,2023,overheating,REPLACE,-1.0
OnePlus,SMART,ANDROID,2015,no power,REPLACE,-1.0
Samsung,SMART,ANDROID,2024,software crash,REPAIR,6886.48
Oppo,SMART,ANDROID,2024,charging issue,REPAIR,1213.79
Samsung,SMART,ANDROID,2019,screen cracked,REPAIR,4153.2
Vivo,SMART,ANDROID,2020,speaker not working,REPAIR,6569.69
Vivo,SMART,ANDROID,2015,software crash,REPAIR,3595.14
Samsung,BASIC,ANDROID,2019,charging issue,REPAIR,249.38
Xiaomi,BASIC,ANDROID,2017,speaker not working,REPAIR,227.23
Samsung,SMART,ANDROID,2023,charging issue,REPAIR,5749.7
Samsung,SMART,ANDROID,2015,speaker not working,REPAIR,1413.57
Xiaomi,BASIC,ANDROID,2020,no power,REPLACE,-1.0
Samsung,BASIC,ANDROID,2023,screen cracked,REPAIR,105.89
OnePlus,SMART,ANDROID,2019,charging issue,REPAIR,2473.25
Xiaomi,BASIC,ANDROID,2023,screen cracked,REPAIR,458.24
Realme,BASIC,ANDROID,2018,no power,REPLACE,-1.0
Vivo,SMART,ANDROID,2024,speaker not working,REPAIR,2599.91
Oppo,SMART,ANDROID,2024,software crash,REPAIR,5103.81
OnePlus,BASIC,ANDROID,2017,overheating,REPLACE,-1.0
Xiaomi,BASIC,ANDROID,2023,speaker not working,REPAIR,197.68
Samsung,BASIC,ANDROID,2015,overheating,REPLACE,-1.0
Apple,BASIC,IOS,2015,battery drain,REPAIR,105.95
Apple,BASIC,IOS,2021,software crash,REPAIR,199.88
Xiaomi,SMART,ANDROID,2017,charging issue,REPAIR,2857.74
Vivo,SMART,ANDROID,2018,battery drain,REPAIR,4701.06
Realme,BASIC,ANDROID,2020,battery drain,REPAIR,247.92
Vivo,BASIC,ANDROID,2019,software crash,REPAIR,324.9
OnePlus,SMART,ANDROID,2018,screen cracked,REPAIR,2069.84
Vivo,SMART,ANDROID,2023,software crash,REPAIR,2059.75
Samsung,SMART,ANDROID,2017,overheating,REPLACE,-1.0
Samsung,SMART,ANDROID,2017,software crash,REPAIR,5329.23
Vivo,BASIC,ANDROID,2016,screen cracked,REPAIR,429.7
Oppo,SMART,ANDROID,2021,no power,REPLACE,-1.0
OnePlus,BASIC,ANDROID,2020,software crash,REPAIR,237.56
Realme,SMART,ANDROID,2019,overheating,REPLACE,-1.0
Realme,SMART,ANDROID,2017,screen cracked,REPAIR,1493.44
OnePlus,BASIC,ANDROID,2023,software crash,REPAIR,335.91
Samsung,SMART,ANDROID,2024,screen cracked,REPAIR,1490.33
Xiaomi,BASIC,ANDROID,2019,software crash,REPAIR,463.92
Samsung,SMART,ANDROID,2022,software crash,REPAIR,5730.69
Apple,BASIC,IOS,2015,speaker not working,REPAIR,399.89
Oppo,BASIC,ANDROID,2021,charging issue,REPAIR,144.32
Apple,SMART,IOS,2016,no power,REPLACE,-1.0
Vivo,BASIC,ANDROID,2024,battery drain,REPAIR,267.05
Samsung,BASIC,ANDROID,2016,speaker not working,REPAIR,277.16
Samsung,SMART,ANDROID,2023,screen cracked,REPAIR,1522.82
Xiaomi,BASIC,ANDROID,2020,software crash,REPAIR,367.59
Vivo,BASIC,ANDROID,2016,charging issue,REPAIR,337.81
Vivo,BASIC,ANDROID,2015,no power,REPLACE,-1.0
Samsung,SMART,ANDROID,2024,speaker not working,REPAIR,2944.22
Oppo,SMART,ANDROID,2024,no power,REPLACE,-1.0
Apple,SMART,IOS,2022,battery drain,REPAIR,2557.43
Samsung,BASIC,ANDROID,2022,speaker not working,REPAIR,486.66
Vivo,BASIC,ANDROID,2024,overheating,REPLACE,-1.0
Vivo,BASIC,ANDROID,2024,screen cracked,REPAIR,356.46
Apple,BASIC,IOS,2015,charging issue,REPAIR,121.68
Xiaomi,BASIC,ANDROID,2022,overheating,REPLACE,-1.0
Xiaomi,BASIC,ANDROID,2021,overheating,REPLACE,-1.0
Xiaomi,BASIC,ANDROID,2015,charging issue,REPAIR,212.02
Oppo,BASIC,ANDROID,2024,charging issue,REPAIR,323.26
OnePlus,SMART,ANDROID,2021,overheating,REPLACE,-1.0
Realme,SMART,ANDROID,2015,charging issue,REPAIR,1851.0
OnePlus,BASIC,ANDROID,2021,charging issue,REPAIR,392.32
OnePlus,BASIC,ANDROID,2019,battery drain,REPAIR,451.51
Oppo,BASIC,ANDROID,2019,battery drain,REPAIR,327.13
OnePlus,BASIC,ANDROID,2016,speaker not working,REPAIR,251.74
Apple,SMART,IOS,2017,overheating,REPLACE,-1.0
Samsung,BASIC,ANDROID,2023,no power,REPLACE,-1.0
Realme,BASIC,ANDROID,2023,battery drain,REPAIR,128.92
Oppo,SMART,ANDROID,2023,screen cracked,REPAIR,2391.61
Apple,BASIC,IOS,2023,software crash,REPAIR,200.02
Oppo,BASIC,ANDROID,2024,charging issue,REPAIR,390.06
Samsung,BASIC,ANDROID,2023,software crash,REPAIR,355.61
Apple,BASIC,IOS,2019,overheating,REPLACE,-1.0
Oppo,SMART,ANDROID,2015,battery drain,REPAIR,1162.5
Oppo,BASIC,ANDROID,2016,screen cracked,REPAIR,304.64
Xiaomi,SMART,ANDROID,2018,no power,REPLACE,-1.0
Xiaomi,SMART,ANDROID,2019,charging issue,REPAIR,3252.12
Samsung,BASIC,ANDROID,2022,no power,REPLACE,-1.0
Realme,SMART,ANDROID,2019,battery drain,REPAIR,2338.23
Oppo,SMART,ANDROID,2019,overheating,REPLACE,-1.0
Samsung,SMART,ANDROID,2022,speaker not working,REPAIR,2652.66
Apple,BASIC,IOS,2017,software crash,REPAIR,208.27
Realme,BASIC,ANDROID,2015,battery drain,REPAIR,488.99
Realme,BASIC,ANDROID,2017,speaker not working,REPAIR,449.62
OnePlus,BASIC,ANDROID,2021,screen cracked,REPAIR,449.56
OnePlus,BASIC,ANDROID,2020,software crash,REPAIR,249.02
Realme,SMART,ANDROID,2017,speaker not working,REPAIR,5038.54
Vivo,SMART,ANDROID,2017,no power,REPLACE,-1.0
Vivo,SMART,ANDROID,2017,speaker not working,REPAIR,2050.68
OnePlus,BASIC,ANDROID,2024,overheating,REPLACE,-1.0
Samsung,SMART,ANDROID,2015,overheating,REPLACE,-1.0
Samsung,SMART,ANDROID,2016,speaker not working,REPAIR,2754.98
Apple,BASIC,IOS,2016,software crash,REPAIR,379.59
Xiaomi,SMART,ANDROID,2020,charging issue,REPAIR,4867.47
Apple,BASIC,IOS,2024,charging issue,REPAIR,374.28
Xiaomi,BASIC,ANDROID,2020,no power,REPLACE,-1.0
OnePlus,BASIC,ANDROID,2017,software crash,REPAIR,344.54
Vivo,BASIC,ANDROID,2024,overheating,REPLACE,-1.0
OnePlus,BASIC,ANDROID,2016,no power,REPLACE,-1.0
Vivo,BASIC,ANDROID,2022,speaker not working,REPAIR,245.32
Apple,BASIC,IOS,2019,overheating,REPLACE,-1.0
Samsung,SMART,ANDROID,2024,speaker not working,REPAIR,4617.86
Samsung,SMART,ANDROID,2024,speaker not working,REPAIR,3936.98
Vivo,BASIC,ANDROID,2022,charging issue,REPAIR,391.81
Xiaomi,BASIC,ANDROID,2015,speaker not working,REPAIR,230.56
Vivo,BASIC,ANDROID,2017,no power,REPLACE,-1.0
Realme,SMART,ANDROID,2017,screen cracked,REPAIR,3927.3
Realme,SMART,ANDROID,2020,battery drain,REPAIR,5436.63
Vivo,SMART,ANDROID,2015,overheating,REPLACE,-1.0
Realme,SMART,ANDROID,2019,charging issue,REPAIR,2447.1
Realme,BASIC,ANDROID,2018,speaker not working,REPAIR,475.31
OnePlus,BASIC,ANDROID,2018,charging issue,REPAIR,357.09
Vivo,SMART,ANDROID,2017,charging issue,REPAIR,3293.76
Apple,SMART,IOS,2015,charging issue,REPAIR,3973.24
Apple,SMART,IOS,2021,no power,REPLACE,-1.0
Xiaomi,BASIC,ANDROID,2020,software crash,REPAIR,480.85
Realme,BASIC,ANDROID,2017,screen cracked,REPAIR,180.8
OnePlus,BASIC,ANDROID,2021,no power,REPLACE,-1.0
Samsung,SMART,ANDROID,2016,battery drain,REPAIR,6572.99
Apple,BASIC,IOS,2022,charging issue,REPAIR,294.4
Vivo,SMART,ANDROID,2021,speaker not working,REPAIR,4224.85
Oppo,SMART,ANDROID,2022,charging issue,REPAIR,5411.54
Samsung,BASIC,ANDROID,2022,screen cracked,REPAIR,410.13
OnePlus,BASIC,ANDROID,2023,no power,REPLACE,-1.0
Oppo,SMART,ANDROID,2020,screen cracked,REPAIR,6916.2
Samsung,BASIC,ANDROID,2019,no power,REPLACE,-1.0
Xiaomi,SMART,ANDROID,2020,overheating,REPLACE,-1.0
Xiaomi,BASIC,ANDROID,2023,charging issue,REPAIR,437.77
Apple,SMART,IOS,2017,software crash,REPAIR,3392.39
Realme,BASIC,ANDROID,2020,screen cracked,REPAIR,456.41
Apple,BASIC,IOS,2016,speaker not working,REPAIR,141.17
Vivo,BASIC,ANDROID,2020,speaker not working,REPAIR,289.07
Samsung,SMART,ANDROID,2017,speaker not working,REPAIR,1738.27
Apple,BASIC,IOS,2021,screen cracked,REPAIR,370.16
Apple,SMART,IOS,2019,overheating,REPLACE,-1.0
Realme,BASIC,ANDROID,2015,overheating,REPLACE,-1.0
Apple,BASIC,IOS,2021,battery drain,REPAIR,239.93
Vivo,BASIC,ANDROID,2023,battery drain,REPAIR,237.14
OnePlus,SMART,ANDROID,2024,battery drain,REPAIR,6771.03
Apple,SMART,IOS,2020,no power,REPLACE,-1.0
Xiaomi,BASIC,ANDROID,2024,battery drain,REPAIR,269.43
Apple,BASIC,IOS,2022,battery drain,REPAIR,211.71
Realme,SMART,ANDROID,2023,charging issue,REPAIR,4056.93
Xiaomi,BASIC,ANDROID,2015,software crash,REPAIR,419.24
Realme,SMART,ANDROID,2021,overheating,REPLACE,-1.0
Apple,SMART,IOS,2015,screen cracked,REPAIR,3491.23
Xiaomi,BASIC,ANDROID,2018,screen cracked,REPAIR,301.83
Apple,SMART,IOS,2021,battery drain,REPAIR,2598.47
Vivo,BASIC,ANDROID,2021,speaker not working,REPAIR,412.17
Apple,BASIC,IOS,2019,speaker not working,REPAIR,211.89
Samsung,BASIC,ANDROID,2018,screen cracked,REPAIR,222.05
Realme,BASIC,ANDROID,2017,charging issue,REPAIR,445.28
Samsung,BASIC,ANDROID,2018,software crash,REPAIR,134.89
Oppo,SMART,ANDROID,2015,overheating,REPLACE,-1.0
Vivo,BASIC,ANDROID,2019,charging issue,REPAIR,132.71
Apple,SMART,IOS,2021,battery drain,REPAIR,1181.11
Vivo,BASIC,ANDROID,2019,screen cracked,REPAIR,228.05
Oppo,BASIC,ANDROID,2018,software crash,REPAIR,247.88
Oppo,SMART,ANDROID,2023,speaker not working,REPAIR,2324.69
Oppo,SMART,ANDROID,2021,overheating,REPLACE,-1.0
Realme,SMART,ANDROID,2019,speaker not working,REPAIR,5123.91
Oppo,SMART,ANDROID,2018,charging issue,REPAIR,743.71
Xiaomi,SMART,ANDROID,2024,no power,REPLACE,-1.0
Oppo,SMART,ANDROID,2022,overheating,REPLACE,-1.0
Xiaomi,BASIC,ANDROID,2015,overheating,REPLACE,-1.0
Oppo,BASIC,ANDROID,2015,overheating,REPLACE,-1.0
OnePlus,SMART,ANDROID,2023,no power,REPLACE,-1.0
Realme,BASIC,ANDROID,2024,software crash,REPAIR,349.28
Xiaomi,BASIC,ANDROID,2020,no power,REPLACE,-1.0
Xiaomi,SMART,ANDROID,2020,software crash,REPAIR,3844.19
OnePlus,BASIC,ANDROID,2020,speaker not working,REPAIR,385.15
Apple,SMART,IOS,2017,no power,REPLACE,-1.0
Apple,BASIC,IOS,2021,screen cracked,REPAIR,360.67
Samsung,SMART,ANDROID,2017,screen cracked,REPAIR,948.36
Samsung,BASIC,ANDROID,2024,speaker not working,REPAIR,180.78
Vivo,BASIC,ANDROID,2021,screen cracked,REPAIR,155.66
Apple,BASIC,IOS,2020,screen cracked,REPAIR,307.63
Realme,SMART,ANDROID,2015,no power,REPLACE,-1.0
Apple,SMART,IOS,2022,software crash,REPAIR,2601.82
Vivo,BASIC,ANDROID,2020,no power,REPLACE,-1.0
Samsung,BASIC,ANDROID,2024,overheating,REPLACE,-1.0
Samsung,BASIC,ANDROID,2017,screen cracked,REPAIR,463.93
Xiaomi,SMART,ANDROID,2017,charging issue,REPAIR,5263.07
Samsung,BASIC,ANDROID,2020,screen cracked,REPAIR,227.31
Oppo,BASIC,ANDROID,2017,no power,REPLACE,-1.0
Realme,BASIC,ANDROID,2021,no power,REPLACE,-1.0
Xiaomi,SMART,ANDROID,2018,overheating,REPLACE,-1.0
Apple,SMART,IOS,2015,charging issue,REPAIR,3950.56
OnePlus,SMART,ANDROID,2021,battery drain,REPAIR,4038.08
Vivo,SMART,ANDROID,2024,charging issue,REPAIR,6405.24
Samsung,SMART,ANDROID,2024,software crash,REPAIR,2664.72
OnePlus,SMART,ANDROID,2021,speaker not working,REPAIR,5495.76
Realme,SMART,ANDROID,2023,speaker not working,REPAIR,3592.6
Samsung,BASIC,ANDROID,2018,screen cracked,REPAIR,236.81
Xiaomi,SMART,ANDROID,2023,speaker not working,REPAIR,2697.13
Oppo,BASIC,ANDROID,2019,charging issue,REPAIR,300.88
Samsung,BASIC,ANDROID,2021,speaker not working,REPAIR,207.66
OnePlus,SMART,ANDROID,2020,software crash,REPAIR,3876.08
Realme,BASIC,ANDROID,2018,screen cracked,REPAIR,275.37
Xiaomi,BASIC,ANDROID,2017,charging issue,REPAIR,144.69
Xiaomi,BASIC,ANDROID,2020,charging issue,REPAIR,212.8
Oppo,SMART,ANDROID,2022,screen cracked,REPAIR,2853.61
Samsung,BASIC,ANDROID,2023,no power,REPLACE,-1.0
Apple,BASIC,IOS,2021,software crash,REPAIR,464.2
Realme,SMART,ANDROID,2018,charging issue,REPAIR,1190.59
OnePlus,BASIC,ANDROID,2022,overheating,REPLACE,-1.0
Vivo,BASIC,ANDROID,2017,overheating,REPLACE,-1.0
Oppo,BASIC,ANDROID,2021,speaker not working,REPAIR,449.39
OnePlus,SMART,ANDROID,2023,speaker not working,REPAIR,5373.74
OnePlus,SMART,ANDROID,2023,charging issue,REPAIR,5673.23
Oppo,SMART,ANDROID,2018,screen cracked,REPAIR,4525.99
Xiaomi,BASIC,ANDROID,2023,speaker not working,REPAIR,198.53
Vivo,SMART,ANDROID,2021,speaker not working,REPAIR,3536.48
Apple,BASIC,IOS,2021,charging issue,REPAIR,198.96
Xiaomi,SMART,ANDROID,2017,screen cracked,REPAIR,5449.99
Realme,BASIC,ANDROID,2015,speaker not working,REPAIR,455.03
Oppo,BASIC,ANDROID,2023,no power,REPLACE,-1.0
Vivo,SMART,ANDROID,2021,speaker not working,REPAIR,5596.91
Realme,SMART,ANDROID,2015,software crash,REPAIR,6762.0
Vivo,SMART,ANDROID,2019,overheating,REPLACE,-1.0
Realme,SMART,ANDROID,2019,speaker not working,REPAIR,1291.04
Realme,SMART,ANDROID,2016,overheating,REPLACE,-1.0
Vivo,SMART,ANDROID,2024,no power,REPLACE,-1.0
OnePlus,BASIC,ANDROID,2021,battery drain,REPAIR,167.49
Realme,SMART,ANDROID,2024,software crash,REPAIR,2359.47
Vivo,BASIC,ANDROID,2017,no power,REPLACE,-1.0
Apple,SMART,IOS,2017,charging issue,REPAIR,4088.49
OnePlus,BASIC,ANDROID,2015,charging issue,REPAIR,198.44
Realme,SMART,ANDROID,2016,software crash,REPAIR,2854.81
Vivo,BASIC,ANDROID,2020,speaker not working,REPAIR,430.96
Samsung,SMART,ANDROID,2024,speaker not working,REPAIR,3727.12
OnePlus,BASIC,ANDROID,2019,charging issue,REPAIR,388.92
Xiaomi,BASIC,ANDROID,2020,no power,REPLACE,-1.0
Vivo,BASIC,ANDROID,2017,battery drain,REPAIR,144.95
Apple,BASIC,IOS,2015,screen cracked,REPAIR,258.03
Samsung,SMART,ANDROID,2019,software crash,REPAIR,2167.92
OnePlus,BASIC,ANDROID,2020,charging issue,REPAIR,335.2
Realme,BASIC,ANDROID,2021,charging issue,REPAIR,138.63
Oppo,SMART,ANDROID,2020,battery drain,REPAIR,852.05
Apple,SMART,IOS,2019,overheating,REPLACE,-1.0
Apple,BASIC,IOS,2018,speaker not working,REPAIR,360.67
Samsung,BASIC,ANDROID,2023,overheating,REPLACE,-1.0
Samsung,SMART,ANDROID,2022,speaker not working,REPAIR,4481.14
Samsung,BASIC,ANDROID,2018,no power,REPLACE,-1.0
Xiaomi,SMART,ANDROID,2017,charging issue,REPAIR,4912.48
Samsung,SMART,ANDROID,2019,charging issue,REPAIR,5743.25
Apple,BASIC,IOS,2019,battery drain,REPAIR,477.83
Oppo,BASIC,ANDROID,2024,charging issue,REPAIR,370.72
OnePlus,SMART,ANDROID,2018,charging issue,REPAIR,1500.96
Samsung,BASIC,ANDROID,2020,charging issue,REPAIR,260.11
Samsung,BASIC,ANDROID,2024,overheating,REPLACE,-1.0
Apple,BASIC,IOS,2019,overheating,REPLACE,-1.0
OnePlus,SMART,ANDROID,2024,overheating,REPLACE,-1.0
Realme,SMART,ANDROID,2024,no power,REPLACE,-1.0
Vivo,BASIC,ANDROID,2017,software crash,REPAIR,434.79
Apple,BASIC,IOS,2015,overheating,REPLACE,-1.0
Samsung,BASIC,ANDROID,2021,screen cracked,REPAIR,125.17
OnePlus,SMART,ANDROID,2016,screen cracked,REPAIR,5650.28
Xiaomi,BASIC,ANDROID,2024,charging issue,REPAIR,422.88
OnePlus,BASIC,ANDROID,2022,charging issue,REPAIR,336.98
Vivo,SMART,ANDROID,2015,screen cracked,REPAIR,2823.11
Xiaomi,BASIC,ANDROID,2015,battery drain,REPAIR,283.76
OnePlus,BASIC,ANDROID,2021,screen cracked,REPAIR,345.34
OnePlus,BASIC,ANDROID,2021,overheating,REPLACE,-1.0
Realme,BASIC,ANDROID,2018,screen cracked,REPAIR,249.39
Apple,BASIC,IOS,2024,battery drain,REPAIR,137.58
Xiaomi,SMART,ANDROID,2020,speaker not working,REPAIR,4894.95
Vivo,SMART,ANDROID,2022,overheating,REPLACE,-1.0
Realme,BASIC,ANDROID,2018,screen cracked,REPAIR,445.39
Apple,SMART,IOS,2016,charging issue,REPAIR,5820.21
Samsung,SMART,ANDROID,2018,screen cracked,REPAIR,2483.69
Vivo,BASIC,ANDROID,2016,software crash,REPAIR,489.91
Realme,BASIC,ANDROID,2022,charging issue,REPAIR,497.26
Vivo,SMART,ANDROID,2022,speaker not working,REPAIR,2856.26
Realme,SMART,ANDROID,2024,screen cracked,REPAIR,6615.35
Apple,SMART,IOS,2016,battery drain,REPAIR,744.46
Oppo,BASIC,ANDROID,2023,software crash,REPAIR,192.07
Realme,SMART,ANDROID,2017,charging issue,REPAIR,4530.08
Samsung,SMART,ANDROID,2019,battery drain,REPAIR,2187.22
Samsung,SMART,ANDROID,2017,software crash,REPAIR,6222.84
Samsung,SMART,ANDROID,2022,charging issue,REPAIR,1073.36
OnePlus,BASIC,ANDROID,2024,charging issue,REPAIR,429.5
Samsung,BASIC,ANDROID,2021,screen cracked,REPAIR,133.81
Xiaomi,SMART,ANDROID,2024,screen cracked,REPAIR,1776.57
OnePlus,BASIC,ANDROID,2017,speaker not working,REPAIR,148.65
OnePlus,BASIC,ANDROID,2015,no power,REPLACE,-1.0
OnePlus,SMART,ANDROID,2015,speaker not working,REPAIR,2011.56
Oppo,SMART,ANDROID,2019,software crash,REPAIR,2801.76
Apple,BASIC,IOS,2020,charging issue,REPAIR,116.83
OnePlus,SMART,ANDROID,2021,speaker not working,REPAIR,1353.47
Vivo,SMART,ANDROID,2024,battery drain,REPAIR,5990.44
Oppo,BASIC,ANDROID,2015,charging issue,REPAIR,276.75
Realme,BASIC,ANDROID,2024,screen cracked,REPAIR,446.16
Xiaomi,BASIC,ANDROID,2015,battery drain,REPAIR,113.82
Realme,BASIC,ANDROID,2017,software crash,REPAIR,183.59
OnePlus,BASIC,ANDROID,2023,overheating,REPLACE,-1.0
Realme,BASIC,ANDROID,2020,no power,REPLACE,-1.0
Realme,BASIC,ANDROID,2023,no power,REPLACE,-1.0
Oppo,BASIC,ANDROID,2016,overheating,REPLACE,-1.0
Samsung,SMART,ANDROID,2021,overheating,REPLACE,-1.0
OnePlus,SMART,ANDROID,2018,battery drain,REPAIR,2902.52
Xiaomi,SMART,ANDROID,2018,no power,REPLACE,-1.0
Oppo,BASIC,ANDROID,2024,screen cracked,REPAIR,167.6
OnePlus,SMART,ANDROID,2018,overheating,REPLACE,-1.0
Samsung,BASIC,ANDROID,2024,overheating,REPLACE,-1.0
Xiaomi,BASIC,ANDROID,2015,software crash,REPAIR,289.61
Vivo,BASIC,ANDROID,2022,speaker not working,REPAIR,448.62
OnePlus,BASIC,ANDROID,2015,battery drain,REPAIR,456.1
Apple,BASIC,IOS,2019,software crash,REPAIR,441.56
Xiaomi,SMART,ANDROID,2018,speaker not working,REPAIR,1418.11
Apple,SMART,IOS,2018,charging issue,REPAIR,4564.72
Oppo,SMART,ANDROID,2020,charging issue,REPAIR,2216.26
Apple,SMART,IOS,2018,screen cracked,REPAIR,4468.44
Samsung,SMART,ANDROID,2019,battery drain,REPAIR,4939.2
Xiaomi,SMART,ANDROID,2020,screen cracked,REPAIR,4972.67
OnePlus,BASIC,ANDROID,2019,battery drain,REPAIR,241.68
Realme,SMART,ANDROID,2022,screen cracked,REPAIR,2449.93
OnePlus,BASIC,ANDROID,2018,speaker not working,REPAIR,322.33
OnePlus,SMART,ANDROID,2020,software crash,REPAIR,5611.45
Samsung,BASIC,ANDROID,2021,no power,REPLACE,-1.0
Apple,BASIC,IOS,2023,no power,REPLACE,-1.0
Realme,SMART,ANDROID,2024,screen cracked,REPAIR,2743.45
Apple,BASIC,IOS,2024,charging issue,REPAIR,353.64
OnePlus,SMART,ANDROID,2020,software crash,REPAIR,3147.0
Apple,SMART,IOS,2024,battery drain,REPAIR,2320.87
Oppo,BASIC,ANDROID,2017,charging issue,REPAIR,366.37
OnePlus,BASIC,ANDROID,2023,charging issue,REPAIR,214.19
Xiaomi,BASIC,ANDROID,2021,screen cracked,REPAIR,127.57
Vivo,BASIC,ANDROID,2022,screen cracked,REPAIR,239.28
Apple,BASIC,IOS,2016,charging issue,REPAIR,311.0
Xiaomi,BASIC,ANDROID,2017,overheating,REPLACE,-1.0
Vivo,SMART,ANDROID,2016,speaker not working,REPAIR,2417.69
Realme,SMART,ANDROID,2018,screen cracked,REPAIR,3959.96
Vivo,SMART,ANDROID,2022,speaker not working,REPAIR,5446.17
Realme,BASIC,ANDROID,2020,software crash,REPAIR,282.01
Oppo,SMART,ANDROID,2017,software crash,REPAIR,3346.83
Samsung,BASIC,ANDROID,2018,software crash,REPAIR,444.28
Samsung,BASIC,ANDROID,2020,charging issue,REPAIR,280.39
Realme,BASIC,ANDROID,2022,software crash,REPAIR,267.16
Oppo,SMART,ANDROID,2022,no power,REPLACE,-1.0
Vivo,SMART,ANDROID,2018,overheating,REPLACE,-1.0
Oppo,BASIC,ANDROID,2022,screen cracked,REPAIR,273.9
Realme,SMART,ANDROID,2023,no power,REPLACE,-1.0
Samsung,SMART,ANDROID,2016,charging issue,REPAIR,2078.28
Xiaomi,SMART,ANDROID,2019,screen cracked,REPAIR,4550.26
Oppo,BASIC,ANDROID,2023,charging issue,REPAIR,298.71
Samsung,SMART,ANDROID,2022,screen cracked,REPAIR,3047.75
Oppo,SMART,ANDROID,2023,no power,REPLACE,-1.0
Oppo,SMART,ANDROID,2015,overheating,REPLACE,-1.0
Oppo,BASIC,ANDROID,2023,speaker not working,REPAIR,472.81
Apple,BASIC,IOS,2022,battery drain,REPAIR,464.23
Samsung,SMART,ANDROID,2017,charging issue,REPAIR,6012.77
OnePlus,BASIC,ANDROID,2017,overheating,REPLACE,-1.0
Apple,SMART,IOS,2024,overheating,REPLACE,-1.0
Realme,BASIC,ANDROID,2023,software crash,REPAIR,160.55
Xiaomi,BASIC,ANDROID,2021,battery drain,REPAIR,203.05
OnePlus,BASIC,ANDROID,2023,overheating,REPLACE,-1.0
Xiaomi,BASIC,ANDROID,2019,battery drain,REPAIR,129.65
Realme,BASIC,ANDROID,2021,charging issue,REPAIR,248.93
Samsung,SMART,ANDROID,2015,no power,REPLACE,-1.0
Xiaomi,SMART,ANDROID,2021,screen cracked,REPAIR,5562.21
Vivo,SMART,ANDROID,2022,charging issue,REPAIR,4334.33
Xiaomi,BASIC,ANDROID,2021,no power,REPLACE,-1.0
Samsung,SMART,ANDROID,2019,battery drain,REPAIR,3683.92
Samsung,BASIC,ANDROID,2023,software crash,REPAIR,308.15
Oppo,SMART,ANDROID,2019,overheating,REPLACE,-1.0
Realme,SMART,ANDROID,2019,speaker not working,REPAIR,1778.98
Xiaomi,BASIC,ANDROID,2020,overheating,REPLACE,-1.0
Xiaomi,SMART,ANDROID,2019,software crash,REPAIR,3570.38
Samsung,BASIC,ANDROID,2021,no power,REPLACE,-1.0
Oppo,SMART,ANDROID,2015,software crash,REPAIR,2017.38
Xiaomi,BASIC,ANDROID,2017,battery drain,REPAIR,251.58
Samsung,BASIC,ANDROID,2022,software crash,REPAIR,116.93
Xiaomi,SMART,ANDROID,2023,no power,REPLACE,-1.0
Realme,SMART,ANDROID,2017,screen cracked,REPAIR,3419.9
OnePlus,BASIC,ANDROID,2017,charging issue,REPAIR,358.47
Oppo,SMART,ANDROID,2018,charging issue,REPAIR,4975.67
Apple,SMART,IOS,2016,no power,REPLACE,-1.0
Apple,BASIC,IOS,2021,screen cracked,REPAIR,188.58
Vivo,SMART,ANDROID,2023,screen cracked,REPAIR,4649.08
Samsung,BASIC,ANDROID,2019,battery drain,REPAIR,323.9
Apple,SMART,IOS,2023,charging issue,REPAIR,5649.32
OnePlus,SMART,ANDROID,2023,overheating,REPLACE,-1.0
Xiaomi,SMART,ANDROID,2022,no power,REPLACE,-1.0
Vivo,BASIC,ANDROID,2023,software crash,REPAIR,473.6
OnePlus,BASIC,ANDROID,2019,no power,REPLACE,-1.0
Samsung,BASIC,ANDROID,2021,no power,REPLACE,-1.0
Oppo,BASIC,ANDROID,2024,no power,REPLACE,-1.0
OnePlus,BASIC,ANDROID,2020,overheating,REPLACE,-1.0
Oppo,BASIC,ANDROID,2020,speaker not working,REPAIR,236.93
Xiaomi,SMART,ANDROID,2022,battery drain,REPAIR,3322.59
Xiaomi,SMART,ANDROID,2016,charging issue,REPAIR,6047.9
Oppo,SMART,ANDROID,2020,screen cracked,REPAIR,5650.99
Xiaomi,BASIC,ANDROID,2022,battery drain,REPAIR,421.58
Xiaomi,BASIC,ANDROID,2020,battery drain,REPAIR,359.9
Samsung,SMART,ANDROID,2017,speaker not working,REPAIR,3180.05
Samsung,BASIC,ANDROID,2018,no power,REPLACE,-1.0
Realme,BASIC,ANDROID,2023,battery drain,REPAIR,316.82
Oppo,BASIC,ANDROID,2017,speaker not working,REPAIR,171.38
Xiaomi,SMART,ANDROID,2017,software crash,REPAIR,1229.05
Vivo,SMART,ANDROID,2024,software crash,REPAIR,6379.28
Realme,BASIC,ANDROID,2017,speaker not working,REPAIR,209.78
OnePlus,SMART,ANDROID,2024,software crash,REPAIR,623.04
Samsung,SMART,ANDROID,2020,software crash,REPAIR,5133.15
OnePlus,SMART,ANDROID,2019,software crash,REPAIR,5169.54
Apple,SMART,IOS,2017,no power,REPLACE,-1.0
Samsung,SMART,ANDROID,2021,charging issue,REPAIR,6232.88
Realme,SMART,ANDROID,2021,no power,REPLACE,-1.0
Apple,BASIC,IOS,2022,software crash,REPAIR,322.74
Samsung,SMART,ANDROID,2017,no power,REPLACE,-1.0
Xiaomi,BASIC,ANDROID,2023,screen cracked,REPAIR,180.75
Oppo,BASIC,ANDROID,2021,screen cracked,REPAIR,427.08
Xiaomi,SMART,ANDROID,2016,screen cracked,REPAIR,4727.53
Vivo,BASIC,ANDROID,2018,software crash,REPAIR,237.7
Vivo,SMART,ANDROID,2019,battery drain,REPAIR,1079.7
Xiaomi,BASIC,ANDROID,2023,battery drain,REPAIR,252.29
Oppo,SMART,ANDROID,2016,charging issue,REPAIR,3570.3
Samsung,BASIC,ANDROID,2018,overheating,REPLACE,-1.0
Apple,SMART,IOS,2021,battery drain,REPAIR,3729.17
Vivo,BASIC,ANDROID,2020,battery drain,REPAIR,311.74
Realme,SMART,ANDROID,2024,screen cracked,REPAIR,3067.34
Realme,SMART,ANDROID,2021,speaker not working,REPAIR,2768.56
Xiaomi,SMART,ANDROID,2023,software crash,REPAIR,5328.47
Samsung,BASIC,ANDROID,2021,speaker not working,REPAIR,404.74
Xiaomi,SMART,ANDROID,2015,no power,REPLACE,-1.0
Vivo,SMART,ANDROID,2019,no power,REPLACE,-1.0
Apple,BASIC,IOS,2019,battery drain,REPAIR,469.96
Samsung,BASIC,ANDROID,2017,speaker not working,REPAIR,278.24
OnePlus,SMART,ANDROID,2024,screen cracked,REPAIR,2076.45
Realme,BASIC,ANDROID,2024,speaker not working,REPAIR,239.21
Realme,SMART,ANDROID,2017,speaker not working,REPAIR,5004.82
Realme,SMART,ANDROID,2018,software crash,REPAIR,2277.44
Realme,BASIC,ANDROID,2020,screen cracked,REPAIR,195.52
Xiaomi,BASIC,ANDROID,2024,software crash,REPAIR,246.14
Xiaomi,SMART,ANDROID,2021,speaker not working,REPAIR,4106.29
Samsung,BASIC,ANDROID,2017,software crash,REPAIR,288.21
Xiaomi,BASIC,ANDROID,2016,battery drain,REPAIR,268.53
Samsung,SMART,ANDROID,2021,overheating,REPLACE,-1.0
Realme,BASIC,ANDROID,2020,screen cracked,REPAIR,290.54
Xiaomi,BASIC,ANDROID,2021,software crash,REPAIR,461.73
Apple,SMART,IOS,2015,no power,REPLACE,-1.0
Realme,BASIC,ANDROID,2017,battery drain,REPAIR,423.83
Realme,SMART,ANDROID,2022,screen cracked,REPAIR,827.71
Apple,BASIC,IOS,2015,software crash,REPAIR,144.19
Apple,SMART,IOS,2016,no power,REPLACE,-1.0
Vivo,BASIC,ANDROID,2023,software crash,REPAIR,108.53
Realme,BASIC,ANDROID,2020,overheating,REPLACE,-1.0
Samsung,SMART,ANDROID,2018,charging issue,REPAIR,4741.57
Oppo,BASIC,ANDROID,2015,screen cracked,REPAIR,426.99
Xiaomi,SMART,ANDROID,2018,overheating,REPLACE,-1.0
Xiaomi,BASIC,ANDROID,2016,screen cracked,REPAIR,352.42
Oppo,BASIC,ANDROID,2020,battery drain,REPAIR,141.97
Samsung,SMART,ANDROID,2021,speaker not working,REPAIR,1159.32
Xiaomi,SMART,ANDROID,2017,overheating,REPLACE,-1.0
Samsung,SMART,ANDROID,2016,speaker not working,REPAIR,2552.06
Realme,BASIC,ANDROID,2015,speaker not working,REPAIR,443.48
Vivo,SMART,ANDROID,2017,screen cracked,REPAIR,6166.84
OnePlus,BASIC,ANDROID,2023,overheating,REPLACE,-1.0
Realme,SMART,ANDROID,2020,charging issue,REPAIR,4460.19
Realme,SMART,ANDROID,2018,software crash,REPAIR,6856.63
Vivo,BASIC,ANDROID,2023,overheating,REPLACE,-1.0
OnePlus,SMART,ANDROID,2023,no power,REPLACE,-1.0
Realme,SMART,ANDROID,2023,overheating,REPLACE,-1.0
Oppo,SMART,ANDROID,2020,screen cracked,REPAIR,2625.18
Oppo,SMART,ANDROID,2020,overheating,REPLACE,-1.0
Realme,BASIC,ANDROID,2022,speaker not working,REPAIR,370.21
OnePlus,SMART,ANDROID,2016,software crash,REPAIR,6771.93
Samsung,SMART,ANDROID,2017,screen cracked,REPAIR,5568.21
Realme,BASIC,ANDROID,2017,screen cracked,REPAIR,347.78
OnePlus,SMART,ANDROID,2023,charging issue,REPAIR,4644.79
Xiaomi,BASIC,ANDROID,2015,screen cracked,REPAIR,177.01
Samsung,SMART,ANDROID,2020,overheating,REPLACE,-1.0
Apple,BASIC,IOS,2019,no power,REPLACE,-1.0
Apple,BASIC,IOS,2020,speaker not working,REPAIR,206.07
Samsung,BASIC,ANDROID,2021,no power,REPLACE,-1.0
Xiaomi,SMART,ANDROID,2022,overheating,REPLACE,-1.0
Xiaomi,BASIC,ANDROID,2022,speaker not working,REPAIR,404.83
Xiaomi,SMART,ANDROID,2017,battery drain,REPAIR,4378.06
Vivo,SMART,ANDROID,2019,no power,REPLACE,-1.0
Vivo,BASIC,ANDROID,2015,overheating,REPLACE,-1.0
Vivo,BASIC,ANDROID,2022,overheating,REPLACE,-1.0
Samsung,BASIC,ANDROID,2024,charging issue,REPAIR,260.24
Apple,SMART,IOS,2016,no power,REPLACE,-1.0
Apple,BASIC,IOS,2018,charging issue,REPAIR,335.91
Samsung,BASIC,ANDROID,2020,battery drain,REPAIR,147.67
OnePlus,SMART,ANDROID,2021,battery drain,REPAIR,6194.8
Xiaomi,SMART,ANDROID,2017,overheating,REPLACE,-1.0
Samsung,BASIC,ANDROID,2018,screen cracked,REPAIR,415.21
Realme,BASIC,ANDROID,2020,overheating,REPLACE,-1.0
OnePlus,BASIC,ANDROID,2019,no power,REPLACE,-1.0
Vivo,BASIC,ANDROID,2024,charging issue,REPAIR,259.61
Samsung,SMART,ANDROID,2016,no power,REPLACE,-1.0
Apple,BASIC,IOS,2022,overheating,REPLACE,-1.0
Samsung,BASIC,ANDROID,2016,overheating,REPLACE,-1.0
Oppo,BASIC,ANDROID,2019,software crash,REPAIR,393.96
Realme,SMART,ANDROID,2016,screen cracked,REPAIR,964.44
Vivo,BASIC,ANDROID,2019,screen cracked,REPAIR,303.0
Samsung,BASIC,ANDROID,2023,screen cracked,REPAIR,117.27
Xiaomi,SMART,ANDROID,2017,no power,REPLACE,-1.0
Apple,SMART,IOS,2021,overheating,REPLACE,-1.0
OnePlus,SMART,ANDROID,2022,no power,REPLACE,-1.0
Oppo,BASIC,ANDROID,2020,battery drain,REPAIR,339.34
Samsung,SMART,ANDROID,2022,screen cracked,REPAIR,6066.37
Vivo,SMART,ANDROID,2018,battery drain,REPAIR,2555.07
OnePlus,BASIC,ANDROID,2019,speaker not working,REPAIR,469.33
OnePlus,BASIC,ANDROID,2021,battery drain,REPAIR,129.19
Apple,BASIC,IOS,2016,speaker not working,REPAIR,115.35
Vivo,SMART,ANDROID,2017,software crash,REPAIR,3447.57
Realme,SMART,ANDROID,2022,no power,REPLACE,-1.0
Xiaomi,SMART,ANDROID,2023,charging issue,REPAIR,3013.19
Xiaomi,SMART,ANDROID,2017,battery drain,REPAIR,3687.78
OnePlus,SMART,ANDROID,2016,software crash,REPAIR,1058.94
Samsung,SMART,ANDROID,2015,screen cracked,REPAIR,815.36
Vivo,SMART,ANDROID,2015,no power,REPLACE,-1.0
Oppo,BASIC,ANDROID,2021,battery drain,REPAIR,165.34
Vivo,SMART,ANDROID,2024,software crash,REPAIR,3197.88
Realme,BASIC,ANDROID,2018,software crash,REPAIR,299.6
Samsung,SMART,ANDROID,2016,charging issue,REPAIR,3860.98
Apple,BASIC,IOS,2021,speaker not working,REPAIR,114.05
Vivo,BASIC,ANDROID,2023,overheating,REPLACE,-1.0
OnePlus,BASIC,ANDROID,2018,software crash,REPAIR,482.67
Vivo,BASIC,ANDROID,2016,no power,REPLACE,-1.0
Samsung,BASIC,ANDROID,2022,no power,REPLACE,-1.0
OnePlus,SMART,ANDROID,2018,overheating,REPLACE,-1.0
Vivo,SMART,ANDROID,2017,overheating,REPLACE,-1.0
Vivo,BASIC,ANDROID,2024,battery drain,REPAIR,209.55
Xiaomi,BASIC,ANDROID,2021,charging issue,REPAIR,261.47
Xiaomi,BASIC,ANDROID,2020,battery drain,REPAIR,167.82
Oppo,BASIC,ANDROID,2016,software crash,REPAIR,429.43
OnePlus,BASIC,ANDROID,2021,overheating,REPLACE,-1.0
Realme,BASIC,ANDROID,2017,software crash,REPAIR,352.12
Vivo,BASIC,ANDROID,2015,software crash,REPAIR,259.92
OnePlus,BASIC,ANDROID,2020,screen cracked,REPAIR,416.88
Vivo,SMART,ANDROID,2015,overheating,REPLACE,-1.0
Apple,BASIC,IOS,2023,overheating,REPLACE,-1.0
Oppo,BASIC,ANDROID,2020,charging issue,REPAIR,333.91
Realme,BASIC,ANDROID,2017,charging issue,REPAIR,267.37
Xiaomi,SMART,ANDROID,2021,software crash,REPAIR,6960.66
Xiaomi,BASIC,ANDROID,2020,charging issue,REPAIR,382.13
Xiaomi,BASIC,ANDROID,2024,battery drain,REPAIR,268.25
Samsung,SMART,ANDROID,2018,no power,REPLACE,-1.0
Realme,SMART,ANDROID,2019,battery drain,REPAIR,4440.21
OnePlus,SMART,ANDROID,2023,no power,REPLACE,-1.0
Oppo,BASIC,ANDROID,2016,battery drain,REPAIR,385.91
OnePlus,BASIC,ANDROID,2020,battery drain,REPAIR,300.15
OnePlus,SMART,ANDROID,2022,charging issue,REPAIR,6498.16
Vivo,BASIC,ANDROID,2020,speaker not working,REPAIR,271.52
Oppo,SMART,ANDROID,2019,screen cracked,REPAIR,2361.44
OnePlus,SMART,ANDROID,2023,software crash,REPAIR,5775.55
Vivo,BASIC,ANDROID,2024,software crash,REPAIR,246.34
Apple,BASIC,IOS,2017,no power,REPLACE,-1.0
Realme,SMART,ANDROID,2022,software crash,REPAIR,2282.34
Samsung,BASIC,ANDROID,2023,software crash,REPAIR,190.61
Apple,SMART,IOS,2019,no power,REPLACE,-1.0
Vivo,SMART,ANDROID,2021,software crash,REPAIR,6608.34
Vivo,SMART,ANDROID,2024,charging issue,REPAIR,6899.47
Oppo,BASIC,ANDROID,2024,software crash,REPAIR,475.29
Vivo,SMART,ANDROID,2019,no power,REPLACE,-1.0
Xiaomi,SMART,ANDROID,2019,charging issue,REPAIR,3088.32
Xiaomi,BASIC,ANDROID,2021,software crash,REPAIR,262.2
Apple,SMART,IOS,2018,battery drain,REPAIR,5535.33
Xiaomi,SMART,ANDROID,2016,battery drain,REPAIR,792.32
Xiaomi,SMART,ANDROID,2016,speaker not working,REPAIR,5819.87
Apple,BASIC,IOS,2024,battery drain,REPAIR,369.17
Apple,BASIC,IOS,2023,battery drain,REPAIR,404.52
Xiaomi,BASIC,ANDROID,2017,software crash,REPAIR,168.51
Oppo,BASIC,ANDROID,2024,no power,REPLACE,-1.0
Xiaomi,BASIC,ANDROID,2019,charging issue,REPAIR,378.23
Samsung,SMART,ANDROID,2018,no power,REPLACE,-1.0
Vivo,BASIC,ANDROID,2017,speaker not working,REPAIR,332.28
OnePlus,SMART,ANDROID,2018,software crash,REPAIR,6661.12
Xiaomi,BASIC,ANDROID,2016,no power,REPLACE,-1.0
Oppo,BASIC,ANDROID,2024,software crash,REPAIR,167.16
Realme,BASIC,ANDROID,2021,battery drain,REPAIR,285.33
Oppo,BASIC,ANDROID,2022,overheating,REPLACE,-1.0
Vivo,BASIC,ANDROID,2024,battery drain,REPAIR,287.92
Apple,BASIC,IOS,2024,battery drain,REPAIR,430.27
Oppo,BASIC,ANDROID,2023,charging issue,REPAIR,430.03
OnePlus,SMART,ANDROID,2017,no power,REPLACE,-1.0
OnePlus,SMART,ANDROID,2020,no power,REPLACE,-1.0
Realme,SMART,ANDROID,2018,screen cracked,REPAIR,3958.62
Vivo,BASIC,ANDROID,2024,overheating,REPLACE,-1.0
OnePlus,BASIC,ANDROID,2021,screen cracked,REPAIR,433.0
Oppo,BASIC,ANDROID,2020,no power,REPLACE,-1.0
Samsung,SMART,ANDROID,2023,no power,REPLACE,-1.0
OnePlus,BASIC,ANDROID,2019,battery drain,REPAIR,220.9
Realme,BASIC,ANDROID,2015,software crash,REPAIR,213.31
Vivo,SMART,ANDROID,2015,software crash,REPAIR,6801.98
Realme,BASIC,ANDROID,2024,screen cracked,REPAIR,226.99
Realme,SMART,ANDROID,2015,overheating,REPLACE,-1.0
Samsung,SMART,ANDROID,2020,screen cracked,REPAIR,6445.2
OnePlus,BASIC,ANDROID,2022,charging issue,REPAIR,234.86
Samsung,BASIC,ANDROID,2015,screen cracked,REPAIR,193.82
Apple,SMART,IOS,2021,overheating,REPLACE,-1.0
OnePlus,BASIC,ANDROID,2017,overheating,REPLACE,-1.0
Realme,BASIC,ANDROID,2015,no power,REPLACE,-1.0
OnePlus,SMART,ANDROID,2019,charging issue,REPAIR,3667.46
Realme,BASIC,ANDROID,2022,speaker not working,REPAIR,437.1
Samsung,BASIC,ANDROID,2021,no power,REPLACE,-1.0
Apple,BASIC,IOS,2023,no power,REPLACE,-1.0
OnePlus,BASIC,ANDROID,2018,screen cracked,REPAIR,177.88
OnePlus,SMART,ANDROID,2017,battery drain,REPAIR,2560.65
Realme,SMART,ANDROID,2016,screen cracked,REPAIR,794.7
Xiaomi,SMART,ANDROID,2018,screen cracked,REPAIR,2620.89
Apple,SMART,IOS,2024,charging issue,REPAIR,5745.93
OnePlus,BASIC,ANDROID,2021,charging issue,REPAIR,123.67
Apple,BASIC,IOS,2022,software crash,REPAIR,129.62
Realme,SMART,ANDROID,2017,overheating,REPLACE,-1.0
Apple,SMART,IOS,2024,speaker not working,REPAIR,1953.41
Apple,SMART,IOS,2024,no power,REPLACE,-1.0
Oppo,SMART,ANDROID,2020,screen cracked,REPAIR,2879.75
OnePlus,SMART,ANDROID,2017,software crash,REPAIR,6608.03
Apple,SMART,IOS,2020,software crash,REPAIR,2962.26
OnePlus,SMART,ANDROID,2021,no power,REPLACE,-1.0
Xiaomi,BASIC,ANDROID,2022,speaker not working,REPAIR,159.37
OnePlus,SMART,ANDROID,2015,software crash,REPAIR,3402.19
Realme,SMART,ANDROID,2021,software crash,REPAIR,5605.26
Apple,SMART,IOS,2021,software crash,REPAIR,1976.88
OnePlus,BASIC,ANDROID,2015,overheating,REPLACE,-1.0
Apple,SMART,IOS,2020,overheating,REPLACE,-1.0
Xiaomi,BASIC,ANDROID,2019,battery drain,REPAIR,370.53
OnePlus,SMART,ANDROID,2023,charging issue,REPAIR,663.77
OnePlus,SMART,ANDROID,2018,overheating,REPLACE,-1.0
Oppo,BASIC,ANDROID,2019,software crash,REPAIR,421.19
Xiaomi,BASIC,ANDROID,2023,software crash,REPAIR,205.13
Apple,BASIC,IOS,2023,software crash,REPAIR,143.0
Apple,SMART,IOS,2015,charging issue,REPAIR,2940.79
Vivo,BASIC,ANDROID,2017,no power,REPLACE,-1.0
Oppo,BASIC,ANDROID,2020,charging issue,REPAIR,449.88
OnePlus,SMART,ANDROID,2023,screen cracked,REPAIR,2810.93
Apple,SMART,IOS,2024,battery drain,REPAIR,4396.95
OnePlus,BASIC,ANDROID,2020,overheating,REPLACE,-1.0
Apple,SMART,IOS,2021,software crash,REPAIR,5751.57
Xiaomi,BASIC,ANDROID,2022,overheating,REPLACE,-1.0
Oppo,BASIC,ANDROID,2024,screen cracked,REPAIR,271.71
Apple,BASIC,IOS,2023,no power,REPLACE,-1.0
Apple,SMART,IOS,2022,overheating,REPLACE,-1.0
Realme,SMART,ANDROID,2021,overheating,REPLACE,-1.0
Xiaomi,SMART,ANDROID,2019,charging issue,REPAIR,6178.21
Oppo,BASIC,ANDROID,2023,screen cracked,REPAIR,118.19
OnePlus,BASIC,ANDROID,2015,speaker not working,REPAIR,436.95
Realme,BASIC,ANDROID,2024,screen cracked,REPAIR,390.3
Oppo,BASIC,ANDROID,2021,software crash,REPAIR,381.45
Xiaomi,BASIC,ANDROID,2024,no power,REPLACE,-1.0
Apple,BASIC,IOS,2016,battery drain,REPAIR,199.94
Samsung,SMART,ANDROID,2020,no power,REPLACE,-1.0
Apple,BASIC,IOS,2019,charging issue,REPAIR,153.68
OnePlus,SMART,ANDROID,2018,speaker not working,REPAIR,4615.62
Vivo,BASIC,ANDROID,2021,battery drain,REPAIR,479.01
Vivo,SMART,ANDROID,2024,software crash,REPAIR,4817.64
OnePlus,SMART,ANDROID,2017,overheating,REPLACE,-1.0
OnePlus,BASIC,ANDROID,2022,screen cracked,REPAIR,175.99
Samsung,BASIC,ANDROID,2019,no power,REPLACE,-1.0
Samsung,SMART,ANDROID,2019,software crash,REPAIR,621.46
OnePlus,SMART,ANDROID,2022,software crash,REPAIR,1549.83
Samsung,BASIC,ANDROID,2023,charging issue,REPAIR,386.88
Samsung,BASIC,ANDROID,2016,overheating,REPLACE,-1.0
OnePlus,BASIC,ANDROID,2023,no power,REPLACE,-1.0
Oppo,SMART,ANDROID,2017,battery drain,REPAIR,1983.93
Realme,BASIC,ANDROID,2021,software crash,REPAIR,219.82
Samsung,BASIC,ANDROID,2020,no power,REPLACE,-1.0
Samsung,BASIC,ANDROID,2018,screen cracked,REPAIR,293.31
Xiaomi,SMART,ANDROID,2015,battery drain,REPAIR,1715.7
Realme,SMART,ANDROID,2022,no power,REPLACE,-1.0
Xiaomi,SMART,ANDROID,2016,speaker not working,REPAIR,4272.1
Samsung,BASIC,ANDROID,2017,screen cracked,REPAIR,264.48
Realme,BASIC,ANDROID,2024,software crash,REPAIR,211.1
Oppo,SMART,ANDROID,2016,battery drain,REPAIR,5432.08
Realme,BASIC,ANDROID,2019,speaker not working,REPAIR,268.76
Xiaomi,SMART,ANDROID,2017,battery drain,REPAIR,3433.38
OnePlus,SMART,ANDROID,2016,overheating,REPLACE,-1.0
Xiaomi,BASIC,ANDROID,2018,software crash,REPAIR,322.24
Xiaomi,SMART,ANDROID,2018,no power,REPLACE,-1.0
Samsung,BASIC,ANDROID,2017,no power,REPLACE,-1.0
Apple,SMART,IOS,2021,battery drain,REPAIR,4218.66
Vivo,SMART,ANDROID,2024,software crash,REPAIR,3961.33
Vivo,BASIC,ANDROID,2020,battery drain,REPAIR,420.62
Apple,BASIC,IOS,2016,charging issue,REPAIR,473.15
Realme,BASIC,ANDROID,2020,charging issue,REPAIR,287.16
Apple,BASIC,IOS,2020,overheating,REPLACE,-1.0
Realme,SMART,ANDROID,2017,charging issue,REPAIR,4212.07
Samsung,SMART,ANDROID,2023,charging issue,REPAIR,769.91
Apple,SMART,IOS,2024,no power,REPLACE,-1.0
Oppo,SMART,ANDROID,2021,charging issue,REPAIR,6326.61
Realme,SMART,ANDROID,2016,screen cracked,REPAIR,6019.75
Samsung,BASIC,ANDROID,2019,no power,REPLACE,-1.0
OnePlus,SMART,ANDROID,2020,no power,REPLACE,-1.0
Realme,SMART,ANDROID,2022,overheating,REPLACE,-1.0
Apple,BASIC,IOS,2022,screen cracked,REPAIR,247.74
Apple,BASIC,IOS,2020,battery drain,REPAIR,481.53
Vivo,SMART,ANDROID,2017,charging issue,REPAIR,1484.61
Xiaomi,BASIC,ANDROID,2019,battery drain,REPAIR,264.79
Apple,BASIC,IOS,2024,screen cracked,REPAIR,441.15
OnePlus,SMART,ANDROID,2023,speaker not working,REPAIR,4851.26
Xiaomi,SMART,ANDROID,2022,charging issue,REPAIR,1985.15
Samsung,SMART,ANDROID,2024,speaker not working,REPAIR,1213.78
Samsung,SMART,ANDROID,2016,charging issue,REPAIR,2144.35
Apple,BASIC,IOS,2023,battery drain,REPAIR,397.07
Samsung,SMART,ANDROID,2019,charging issue,REPAIR,6749.77
Xiaomi,BASIC,ANDROID,2018,charging issue,REPAIR,492.62
Oppo,BASIC,ANDROID,2022,battery drain,REPAIR,353.68
Vivo,BASIC,ANDROID,2021,speaker not working,REPAIR,246.88
Apple,SMART,IOS,2015,charging issue,REPAIR,1176.97
Xiaomi,BASIC,ANDROID,2020,screen cracked,REPAIR,258.93
Samsung,SMART,ANDROID,2023,charging issue,REPAIR,2105.12
Vivo,BASIC,ANDROID,2019,battery drain,REPAIR,387.46
Xiaomi,BASIC,ANDROID,2015,battery drain,REPAIR,313.5
Apple,SMART,IOS,2023,no power,REPLACE,-1.0
Apple,BASIC,IOS,2021,no power,REPLACE,-1.0
Vivo,SMART,ANDROID,2024,screen cracked,REPAIR,5160.31
Samsung,SMART,ANDROID,2021,software crash,REPAIR,6251.55
Apple,SMART,IOS,2019,battery drain,REPAIR,4625.96
Apple,BASIC,IOS,2019,charging issue,REPAIR,144.24
Xiaomi,SMART,ANDROID,2018,overheating,REPLACE,-1.0
Oppo,BASIC,ANDROID,2021,no power,REPLACE,-1.0
OnePlus,BASIC,ANDROID,2023,charging issue,REPAIR,479.39
Realme,BASIC,ANDROID,2022,overheating,REPLACE,-1.0
Vivo,SMART,ANDROID,2022,overheating,REPLACE,-1.0
Samsung,BASIC,ANDROID,2016,software crash,REPAIR,434.72
Apple,BASIC,IOS,2015,speaker not working,REPAIR,393.59
Xiaomi,BASIC,ANDROID,2015,no power,REPLACE,-1.0
Xiaomi,BASIC,ANDROID,2019,software crash,REPAIR,264.64
Samsung,BASIC,ANDROID,2020,software crash,REPAIR,214.97
Realme,BASIC,ANDROID,2019,screen cracked,REPAIR,346.61
Samsung,BASIC,ANDROID,2022,charging issue,REPAIR,138.44
Oppo,SMART,ANDROID,2020,speaker not working,REPAIR,2513.31
Vivo,SMART,ANDROID,2015,screen cracked,REPAIR,4322.9
Realme,SMART,ANDROID,2023,screen cracked,REPAIR,574.43
OnePlus,SMART,ANDROID,2024,no power,REPLACE,-1.0
Oppo,BASIC,ANDROID,2020,battery drain,REPAIR,251.46
Vivo,BASIC,ANDROID,2015,overheating,REPLACE,-1.0
Oppo,BASIC,ANDROID,2018,software crash,REPAIR,319.59
Xiaomi,BASIC,ANDROID,2015,screen cracked,REPAIR,189.74
Oppo,SMART,ANDROID,2023,software crash,REPAIR,2360.12
OnePlus,BASIC,ANDROID,2019,screen cracked,REPAIR,483.62
Apple,BASIC,IOS,2023,software crash,REPAIR,447.38
Vivo,BASIC,ANDROID,2016,software crash,REPAIR,291.86
Xiaomi,SMART,ANDROID,2022,battery drain,REPAIR,2223.39
Apple,BASIC,IOS,2017,screen cracked,REPAIR,313.37
OnePlus,SMART,ANDROID,2018,speaker not working,REPAIR,1428.35
Apple,BASIC,IOS,2016,software crash,REPAIR,282.42
Xiaomi,SMART,ANDROID,2024,no power,REPLACE,-1.0
Samsung,SMART,ANDROID,2023,battery drain,REPAIR,3042.86
Samsung,SMART,ANDROID,2017,no power,REPLACE,-1.0
Samsung,BASIC,ANDROID,2020,software crash,REPAIR,492.48
Samsung,SMART,ANDROID,2017,battery drain,REPAIR,4543.05
Xiaomi,BASIC,ANDROID,2021,software crash,REPAIR,165.35
Realme,BASIC,ANDROID,2015,screen cracked,REPAIR,145.62
Realme,SMART,ANDROID,2023,charging issue,REPAIR,4427.2
OnePlus,SMART,ANDROID,2020,overheating,REPLACE,-1.0
Vivo,SMART,ANDROID,2019,overheating,REPLACE,-1.0
Xiaomi,BASIC,ANDROID,2020,speaker not working,REPAIR,101.91
Apple,SMART,IOS,2023,no power,REPLACE,-1.0
Samsung,SMART,ANDROID,2022,battery drain,REPAIR,3885.69
Xiaomi,SMART,ANDROID,2024,speaker not working,REPAIR,6715.03
Oppo,SMART,ANDROID,2017,speaker not working,REPAIR,5867.79
Apple,SMART,IOS,2020,overheating,REPLACE,-1.0
OnePlus,BASIC,ANDROID,2021,software crash,REPAIR,234.48
Apple,SMART,IOS,2023,battery drain,REPAIR,579.23
Xiaomi,BASIC,ANDROID,2017,charging issue,REPAIR,414.73
Apple,SMART,IOS,2015,screen cracked,REPAIR,6952.23
OnePlus,SMART,ANDROID,2018,speaker not working,REPAIR,4219.5
Vivo,SMART,ANDROID,2019,screen cracked,REPAIR,3784.36
Oppo,SMART,ANDROID,2024,battery drain,REPAIR,2949.99
Vivo,BASIC,ANDROID,2017,overheating,REPLACE,-1.0
Samsung,BASIC,ANDROID,2015,charging issue,REPAIR,390.9
Oppo,BASIC,ANDROID,2021,overheating,REPLACE,-1.0
Samsung,BASIC,ANDROID,2017,battery drain,REPAIR,176.27
OnePlus,BASIC,ANDROID,2021,overheating,REPLACE,-1.0
Realme,BASIC,ANDROID,2015,charging issue,REPAIR,417.28
Realme,SMART,ANDROID,2021,charging issue,REPAIR,6437.9
OnePlus,SMART,ANDROID,2023,battery drain,REPAIR,3768.65
OnePlus,SMART,ANDROID,2024,no power,REPLACE,-1.0
OnePlus,BASIC,ANDROID,2017,overheating,REPLACE,-1.0
Xiaomi,BASIC,ANDROID,2023,speaker not working,REPAIR,219.84
Oppo,BASIC,ANDROID,2017,no power,REPLACE,-1.0
Oppo,SMART,ANDROID,2020,battery drain,REPAIR,3023.63
Realme,SMART,ANDROID,2015,battery drain,REPAIR,562.7
Samsung,BASIC,ANDROID,2022,charging issue,REPAIR,306.81
Apple,BASIC,IOS,2023,battery drain,REPAIR,162.08
OnePlus,BASIC,ANDROID,2021,software crash,REPAIR,400.71
OnePlus,SMART,ANDROID,2021,charging issue,REPAIR,3136.12
Samsung,SMART,ANDROID,2021,battery drain,REPAIR,2835.82
Samsung,BASIC,ANDROID,2024,software crash,REPAIR,490.32
Samsung,BASIC,ANDROID,2023,charging issue,REPAIR,215.35
Xiaomi,BASIC,ANDROID,2015,software crash,REPAIR,137.02
Apple,BASIC,IOS,2021,battery drain,REPAIR,477.5
Oppo,BASIC,ANDROID,2021,charging issue,REPAIR,235.17
Samsung,BASIC,ANDROID,2020,screen cracked,REPAIR,310.71
Oppo,BASIC,ANDROID,2017,charging issue,REPAIR,225.22
Realme,SMART,ANDROID,2023,speaker not working,REPAIR,5944.69
Vivo,SMART,ANDROID,2020,charging issue,REPAIR,4864.18
Apple,BASIC,IOS,2016,software crash,REPAIR,458.72
Oppo,BASIC,ANDROID,2019,software crash,REPAIR,280.08
Xiaomi,BASIC,ANDROID,2021,screen cracked,REPAIR,192.12
OnePlus,BASIC,ANDROID,2016,speaker not working,REPAIR,390.2
Xiaomi,SMART,ANDROID,2015,speaker not working,REPAIR,3370.15
Xiaomi,SMART,ANDROID,2018,speaker not working,REPAIR,5467.93
Oppo,SMART,ANDROID,2019,speaker not working,REPAIR,5558.14
Xiaomi,SMART,ANDROID,2019,charging issue,REPAIR,2372.76
OnePlus,BASIC,ANDROID,2023,battery drain,REPAIR,282.85
Xiaomi,BASIC,ANDROID,2023,software crash,REPAIR,211.82
Xiaomi,SMART,ANDROID,2022,charging issue,REPAIR,6027.97
Oppo,SMART,ANDROID,2024,battery drain,REPAIR,1182.95
Samsung,BASIC,ANDROID,2024,no power,REPLACE,-1.0
Samsung,SMART,ANDROID,2017,software crash,REPAIR,5489.22
Samsung,BASIC,ANDROID,2019,speaker not working,REPAIR,138.08
Oppo,BASIC,ANDROID,2023,no power,REPLACE,-1.0
Vivo,BASIC,ANDROID,2021,software crash,REPAIR,451.86
Vivo,BASIC,ANDROID,2021,screen cracked,REPAIR,373.29
Samsung,SMART,ANDROID,2015,screen cracked,REPAIR,6416.48
Vivo,SMART,ANDROID,2023,speaker not working,REPAIR,3610.97
Oppo,SMART,ANDROID,2016,battery drain,REPAIR,1540.93
Vivo,BASIC,ANDROID,2018,overheating,REPLACE,-1.0
Apple,SMART,IOS,2024,no power,REPLACE,-1.0
Oppo,SMART,ANDROID,2022,overheating,REPLACE,-1.0
Oppo,SMART,ANDROID,2015,no power,REPLACE,-1.0
OnePlus,BASIC,ANDROID,2023,screen cracked,REPAIR,238.4
Vivo,SMART,ANDROID,2016,no power,REPLACE,-1.0
Xiaomi,SMART,ANDROID,2015,battery drain,REPAIR,515.88
Vivo,SMART,ANDROID,2024,battery drain,REPAIR,3409.24
Samsung,BASIC,ANDROID,2022,battery drain,REPAIR,188.86
Samsung,BASIC,ANDROID,2016,speaker not working,REPAIR,484.29
Realme,BASIC,ANDROID,2017,overheating,REPLACE,-1.0
OnePlus,BASIC,ANDROID,2021,speaker not working,REPAIR,462.19
Vivo,BASIC,ANDROID,2021,no power,REPLACE,-1.0
Samsung,BASIC,ANDROID,2021,charging issue,REPAIR,333.27
Apple,SMART,IOS,2019,charging issue,REPAIR,4610.45
Vivo,SMART,ANDROID,2017,charging issue,REPAIR,2415.12
Realme,SMART,ANDROID,2024,speaker not working,REPAIR,1991.85
Apple,BASIC,IOS,2015,battery drain,REPAIR,236.31
OnePlus,SMART,ANDROID,2015,speaker not working,REPAIR,1310.57
Samsung,BASIC,ANDROID,2023,screen cracked,REPAIR,134.3
Realme,BASIC,ANDROID,2017,battery drain,REPAIR,344.54
Samsung,BASIC,ANDROID,2021,battery drain,REPAIR,285.57
Xiaomi,SMART,ANDROID,2017,speaker not working,REPAIR,3573.46
Apple,BASIC,IOS,2016,no power,REPLACE,-1.0
OnePlus,BASIC,ANDROID,2015,charging issue,REPAIR,468.01
OnePlus,BASIC,ANDROID,2017,speaker not working,REPAIR,224.13
OnePlus,BASIC,ANDROID,2024,battery drain,REPAIR,258.79
Apple,SMART,IOS,2016,battery drain,REPAIR,5941.22
Apple,BASIC,IOS,2023,battery drain,REPAIR,337.92
Realme,BASIC,ANDROID,2024,overheating,REPLACE,-1.0
Apple,BASIC,IOS,2023,charging issue,REPAIR,284.71
Vivo,SMART,ANDROID,2015,screen cracked,REPAIR,4845.48
Xiaomi,BASIC,ANDROID,2020,screen cracked,REPAIR,483.83
Samsung,SMART,ANDROID,2016,charging issue,REPAIR,558.78
OnePlus,SMART,ANDROID,2023,charging issue,REPAIR,6714.0
OnePlus,SMART,ANDROID,2016,battery drain,REPAIR,3045.42
Xiaomi,BASIC,ANDROID,2022,overheating,REPLACE,-1.0
Oppo,SMART,ANDROID,2019,screen cracked,REPAIR,3741.98
Realme,SMART,ANDROID,2016,no power,REPLACE,-1.0
Realme,SMART,ANDROID,2020,charging issue,REPAIR,5011.76
OnePlus,BASIC,ANDROID,2019,overheating,REPLACE,-1.0
Apple,BASIC,IOS,2023,overheating,REPLACE,-1.0
Vivo,BASIC,ANDROID,2023,screen cracked,REPAIR,464.87
Realme,SMART,ANDROID,2022,screen cracked,REPAIR,1319.71
OnePlus,BASIC,ANDROID,2017,speaker not working,REPAIR,376.62
OnePlus,SMART,ANDROID,2024,charging issue,REPAIR,6790.41
Apple,BASIC,IOS,2017,software crash,REPAIR,241.16
Oppo,SMART,ANDROID,2018,screen cracked,REPAIR,2705.22
Realme,SMART,ANDROID,2019,speaker not working,REPAIR,4515.82
Vivo,SMART,ANDROID,2021,screen cracked,REPAIR,3078.43
Xiaomi,SMART,ANDROID,2024,overheating,REPLACE,-1.0
Samsung,SMART,ANDROID,2016,software crash,REPAIR,2711.88
OnePlus,BASIC,ANDROID,2022,overheating,REPLACE,-1.0
Realme,SMART,ANDROID,2016,no power,REPLACE,-1.0
Realme,BASIC,ANDROID,2020,software crash,REPAIR,428.11
Realme,SMART,ANDROID,2021,battery drain,REPAIR,6539.12
Vivo,SMART,ANDROID,2022,software crash,REPAIR,2209.6
Oppo,SMART,ANDROID,2018,overheating,REPLACE,-1.0
Vivo,BASIC,ANDROID,2023,battery drain,REPAIR,490.58
Realme,SMART,ANDROID,2020,overheating,REPLACE,-1.0
OnePlus,SMART,ANDROID,2019,software crash,REPAIR,2400.9
OnePlus,SMART,ANDROID,2018,overheating,REPLACE,-1.0
OnePlus,SMART,ANDROID,2017,software crash,REPAIR,5414.09
Apple,SMART,IOS,2019,overheating,REPLACE,-1.0
Samsung,BASIC,ANDROID,2019,charging issue,REPAIR,350.57
OnePlus,BASIC,ANDROID,2016,charging issue,REPAIR,282.36
Vivo,SMART,ANDROID,2016,overheating,REPLACE,-1.0
OnePlus,SMART,ANDROID,2020,battery drain,REPAIR,6710.14
Xiaomi,SMART,ANDROID,2016,no power,REPLACE,-1.0
Apple,BASIC,IOS,2015,overheating,REPLACE,-1.0
Oppo,SMART,ANDROID,2020,battery drain,REPAIR,3966.11
Apple,SMART,IOS,2016,speaker not working,REPAIR,3880.3
Oppo,SMART,ANDROID,2020,no power,REPLACE,-1.0
Vivo,SMART,ANDROID,2023,screen cracked,REPAIR,2322.62
Apple,BASIC,IOS,2017,battery drain,REPAIR,373.96
OnePlus,BASIC,ANDROID,2021,battery drain,REPAIR,230.98
OnePlus,SMART,ANDROID,2021,battery drain,REPAIR,1757.09
Realme,BASIC,ANDROID,2020,battery drain,REPAIR,457.24
Samsung,BASIC,ANDROID,2017,no power,REPLACE,-1.0
Realme,BASIC,ANDROID,2020,software crash,REPAIR,471.47
Xiaomi,SMART,ANDROID,2020,screen cracked,REPAIR,912.22
Samsung,BASIC,ANDROID,2019,battery drain,REPAIR,266.25
Oppo,SMART,ANDROID,2017,screen cracked,REPAIR,2304.97
OnePlus,BASIC,ANDROID,2016,screen cracked,REPAIR,486.23
Apple,BASIC,IOS,2017,speaker not working,REPAIR,413.18
Apple,BASIC,IOS,2024,no power,REPLACE,-1.0
Xiaomi,SMART,ANDROID,2015,battery drain,REPAIR,2810.14
OnePlus,BASIC,ANDROID,2016,screen cracked,REPAIR,335.26
OnePlus,BASIC,ANDROID,2018,software crash,REPAIR,493.02
Vivo,BASIC,ANDROID,2024,software crash,REPAIR,406.41
Apple,BASIC,IOS,2018,charging issue,REPAIR,257.26
Xiaomi,BASIC,ANDROID,2016,screen cracked,REPAIR,106.26
OnePlus,SMART,ANDROID,2016,battery drain,REPAIR,990.12
OnePlus,BASIC,ANDROID,2021,battery drain,REPAIR,112.48
Oppo,BASIC,ANDROID,2022,software crash,REPAIR,323.18
Apple,SMART,IOS,2017,overheating,REPLACE,-1.0
Realme,SMART,ANDROID,2022,speaker not working,REPAIR,1904.69
Xiaomi,BASIC,ANDROID,2022,speaker not working,REPAIR,194.13
OnePlus,SMART,ANDROID,2021,screen cracked,REPAIR,995.06
Xiaomi,BASIC,ANDROID,2021,overheating,REPLACE,-1.0
Vivo,SMART,ANDROID,2022,charging issue,REPAIR,6568.22
Apple,SMART,IOS,2015,software crash,REPAIR,1370.54
Realme,BASIC,ANDROID,2019,software crash,REPAIR,278.64
OnePlus,BASIC,ANDROID,2016,no power,REPLACE,-1.0
Realme,SMART,ANDROID,2023,screen cracked,REPAIR,6860.26
Vivo,SMART,ANDROID,2024,overheating,REPLACE,-1.0
Oppo,BASIC,ANDROID,2023,software crash,REPAIR,399.98
Samsung,BASIC,ANDROID,2020,screen cracked,REPAIR,370.25
OnePlus,SMART,ANDROID,2022,battery drain,REPAIR,3701.04
Apple,SMART,IOS,2022,overheating,REPLACE,-1.0
OnePlus,BASIC,ANDROID,2016,speaker not working,REPAIR,289.75
Xiaomi,SMART,ANDROID,2022,screen cracked,REPAIR,3819.37
Apple,SMART,IOS,2019,overheating,REPLACE,-1.0
Samsung,BASIC,ANDROID,2021,overheating,REPLACE,-1.0
Apple,SMART,IOS,2019,charging issue,REPAIR,5238.06
Oppo,SMART,ANDROID,2024,software crash,REPAIR,4498.71
OnePlus,SMART,ANDROID,2023,software crash,REPAIR,4725.7
Samsung,BASIC,ANDROID,2023,overheating,REPLACE,-1.0
Oppo,BASIC,ANDROID,2024,screen cracked,REPAIR,266.24
Oppo,BASIC,ANDROID,2017,battery drain,REPAIR,407.97
Samsung,BASIC,ANDROID,2020,overheating,REPLACE,-1.0
Xiaomi,BASIC,ANDROID,2016,software crash,REPAIR,396.96
Samsung,BASIC,ANDROID,2021,software crash,REPAIR,269.99
Realme,BASIC,ANDROID,2021,screen cracked,REPAIR,365.99
Samsung,SMART,ANDROID,2021,no power,REPLACE,-1.0
Apple,SMART,IOS,2020,battery drain,REPAIR,1294.18
Apple,SMART,IOS,2023,screen cracked,REPAIR,817.58
Xiaomi,BASIC,ANDROID,2015,speaker not working,REPAIR,235.17
Oppo,BASIC,ANDROID,2015,software crash,REPAIR,470.19
Oppo,BASIC,ANDROID,2021,speaker not working,REPAIR,294.14
Xiaomi,SMART,ANDROID,2015,no power,REPLACE,-1.0
Oppo,BASIC,ANDROID,2018,charging issue,REPAIR,462.36
Oppo,SMART,ANDROID,2021,no power,REPLACE,-1.0
Xiaomi,SMART,ANDROID,2020,no power,REPLACE,-1.0
Samsung,BASIC,ANDROID,2024,speaker not working,REPAIR,284.03
Realme,SMART,ANDROID,2015,charging issue,REPAIR,3094.56
Vivo,BASIC,ANDROID,2021,charging issue,REPAIR,480.16
Oppo,BASIC,ANDROID,2022,speaker not working,REPAIR,121.74
Realme,BASIC,ANDROID,2022,battery drain,REPAIR,393.32
OnePlus,SMART,ANDROID,2023,software crash,REPAIR,2722.8
Oppo,SMART,ANDROID,2020,no power,REPLACE,-1.0
OnePlus,SMART,ANDROID,2020,screen cracked,REPAIR,4536.03
Vivo,SMART,ANDROID,2024,software crash,REPAIR,5288.08
Apple,BASIC,IOS,2017,speaker not working,REPAIR,198.52
Oppo,BASIC,ANDROID,2024,charging issue,REPAIR,353.45
OnePlus,SMART,ANDROID,2019,software crash,REPAIR,3453.9
Realme,BASIC,ANDROID,2023,screen cracked,REPAIR,300.98
OnePlus,BASIC,ANDROID,2019,charging issue,REPAIR,142.3
OnePlus,SMART,ANDROID,2020,no power,REPLACE,-1.0
Apple,SMART,IOS,2023,speaker not working,REPAIR,2215.61
Xiaomi,SMART,ANDROID,2020,battery drain,REPAIR,1790.84
Samsung,SMART,ANDROID,2024,screen cracked,REPAIR,5746.52
Xiaomi,SMART,ANDROID,2021,battery drain,REPAIR,4145.54
Oppo,BASIC,ANDROID,2016,software crash,REPAIR,349.1
OnePlus,SMART,ANDROID,2022,speaker not working,REPAIR,1654.28
Oppo,BASIC,ANDROID,2021,overheating,REPLACE,-1.0
Apple,BASIC,IOS,2023,charging issue,REPAIR,170.57
Oppo,BASIC,ANDROID,2018,overheating,REPLACE,-1.0
OnePlus,SMART,ANDROID,2016,screen cracked,REPAIR,6131.98
OnePlus,SMART,ANDROID,2016,software crash,REPAIR,4647.63
Samsung,SMART,ANDROID,2024,speaker not working,REPAIR,5561.81
Oppo,BASIC,ANDROID,2021,screen cracked,REPAIR,393.81
Oppo,SMART,ANDROID,2017,speaker not working,REPAIR,5009.02
Vivo,SMART,ANDROID,2020,no power,REPLACE,-1.0
Oppo,BASIC,ANDROID,2017,no power,REPLACE,-1.0
OnePlus,SMART,ANDROID,2022,no power,REPLACE,-1.0
Apple,SMART,IOS,2016,charging issue,REPAIR,1789.15
Realme,SMART,ANDROID,2015,charging issue,REPAIR,2854.55
Xiaomi,SMART,ANDROID,2020,screen cracked,REPAIR,4602.93
Samsung,BASIC,ANDROID,2023,speaker not working,REPAIR,399.59
